{"cameraMode":{"drawMode":0,"name":"Shaded","section":"Shading Mode"},"sceneLighting":true,"audioPlay":false,"sceneViewState":{"showFog":true,"showMaterialUpdate":false,"showSkybox":true,"showFlares":true,"showImageEffects":true,"showParticleSystems":true},"in2DMode":false,"pivot":{"x":579.6656494140625,"y":278.5316467285156,"z":-68.875},"rotation":{"x":-0.005097957793623209,"y":0.03749087080359459,"z":0.00019116757903248072,"w":0.9992876648902893},"size":624.723876953125,"orthographic":true}